Material Category,Material Type,Business Group,Tons Disposed,Tons Generated,Percent of Total Generation
Paper,Other Miscellaneous Paper - Compostable,"Arts, Entertainment, & Recreation",84.16732421567379,113.30468918865118,0.004579459759612858
Paper,Remainder / Composite Paper - Compostable,"Arts, Entertainment, & Recreation",1970.6820309109992,2009.6765215639984,0.08122552408239506
Other Organic,Food,"Arts, Entertainment, & Recreation",7008.399832288003,7603.351658523901,0.30730628368277146
Other Organic,Leaves and Grass,"Arts, Entertainment, & Recreation",1207.683583406032,1756.8844796496176,0.07100837427344234
Other Organic,Prunings and Trimmings,"Arts, Entertainment, & Recreation",545.0370532347906,1226.4216503077726,0.049568545098352214
Other Organic,Branches and Stumps,"Arts, Entertainment, & Recreation",691.4424748047045,1129.7819226996353,0.045662636640984154
Other Organic,Manures,"Arts, Entertainment, & Recreation",13.218544594322388,13.218544594322388,0.0005342567327426254
Inerts and Other,Clean Dimensional Lumber,"Arts, Entertainment, & Recreation",129.52831076684595,129.52831076684595,0.005235173328967686
Inerts and Other,Clean Engineered Wood,"Arts, Entertainment, & Recreation",61.787879929903895,61.787879929903895,0.002497293905459362
Inerts and Other,Clean Pallets & Crates,"Arts, Entertainment, & Recreation",54.35386620501224,54.35386620501224,0.002196831789113334
Paper,Uncoated Corrugated Cardboard,"Arts, Entertainment, & Recreation",408.38129992438576,1074.4515535480305,0.04342633732425933
Paper,Paper Bags,"Arts, Entertainment, & Recreation",68.55140759836524,70.98050482617603,0.0028688341841463455
Paper,Newspaper,"Arts, Entertainment, & Recreation",335.1617015851023,343.30146456818454,0.013875288425076309
Paper,White Ledger Paper,"Arts, Entertainment, & Recreation",130.43341362255597,156.44218850357845,0.006322957258768642
Paper,Other Office Paper,"Arts, Entertainment, & Recreation",172.851920235108,205.41714027162448,0.008302388317242535
Paper,Magazines and Catalogs,"Arts, Entertainment, & Recreation",105.77784197345501,132.4030761626642,0.0053513633343659425
Paper,Phone Books and Directories,"Arts, Entertainment, & Recreation",3.2553132209898537,3.2553132209898537,0.0001315706879142291
Paper,Other Miscellaneous Paper - Other,"Arts, Entertainment, & Recreation",585.3588586969158,618.0817377440179,0.024981141260955193
Glass,Clear Glass Bottles and Containers,"Arts, Entertainment, & Recreation",253.87798371624135,327.72279401938675,0.013245641978866992
Glass,Green Glass Bottles and Containers,"Arts, Entertainment, & Recreation",200.7633967685756,326.7022941554809,0.01320439621847603
Glass,Brown Glass Bottles and Containers,"Arts, Entertainment, & Recreation",182.5288452280623,343.406524225817,0.013879534643639122
Glass,Other Glass Colored Bottles and Containers,"Arts, Entertainment, & Recreation",1.5783336829041668,1.5783336829041668,6.379184868568665e-05
Metal,Tin/Steel Cans,"Arts, Entertainment, & Recreation",136.43548467831067,165.0603199366745,0.006671278112773253
Metal,Aluminum Cans,"Arts, Entertainment, & Recreation",60.48444597789655,72.49528089157269,0.0029300572110659015
Plastic,PETE Plastic Containers,"Arts, Entertainment, & Recreation",160.00319898715344,201.78376620234326,0.00815553746348669
Plastic,HDPE Plastic Containers,"Arts, Entertainment, & Recreation",57.35759876481232,72.03844699160308,0.002911593258014015
Plastic,Miscellaneous Plastic Containers,"Arts, Entertainment, & Recreation",64.93849410753597,77.67741401190975,0.0031395045893118988
Paper,Other Miscellaneous Paper - Compostable,Durable Wholesale & Trucking,106.2387091166068,157.4697790653392,0.0015017882288941515
Paper,Remainder / Composite Paper - Compostable,Durable Wholesale & Trucking,1332.5154026127043,1527.1873246727666,0.014564775292904049
Other Organic,Food,Durable Wholesale & Trucking,2061.261491955181,2092.802016844219,0.019959038826100596
Other Organic,Leaves and Grass,Durable Wholesale & Trucking,385.2606312916552,385.2606312916552,0.0036742280618179217
Other Organic,Prunings and Trimmings,Durable Wholesale & Trucking,149.56863210620435,7377.546450953807,0.07035961111982643
Other Organic,Branches and Stumps,Durable Wholesale & Trucking,140.24782522114643,140.24782522114643,0.0013375425703602978
Other Organic,Manures,Durable Wholesale & Trucking,0.0,0.0,0.0
Inerts and Other,Clean Dimensional Lumber,Durable Wholesale & Trucking,947.0386018399087,947.0386018399087,0.009031900806575798
Inerts and Other,Clean Engineered Wood,Durable Wholesale & Trucking,468.88503094846544,468.88503094846544,0.004471753401590121
Inerts and Other,Clean Pallets & Crates,Durable Wholesale & Trucking,2749.1278192998934,3362.167000044837,0.03206496417416448
Paper,Uncoated Corrugated Cardboard,Durable Wholesale & Trucking,989.5350796829259,21911.85979239163,0.20897326016910617
Paper,Paper Bags,Durable Wholesale & Trucking,85.39929812672224,154.86321325990713,0.0014769294282552577
Paper,Newspaper,Durable Wholesale & Trucking,212.87045825350134,264.51247723542446,0.0025226537248329056
Paper,White Ledger Paper,Durable Wholesale & Trucking,391.4580584263533,860.0606435930819,0.008202392600978253
Paper,Other Office Paper,Durable Wholesale & Trucking,346.7352812829253,884.9333241180552,0.00843960318865521
Paper,Magazines and Catalogs,Durable Wholesale & Trucking,111.51602591078851,244.12419603541719,0.0023282108235010246
Paper,Phone Books and Directories,Durable Wholesale & Trucking,14.652757858925735,32.77241455670957,0.00031255029825935036
Paper,Other Miscellaneous Paper - Other,Durable Wholesale & Trucking,812.6445764626645,932.7098277789478,0.008895247384268614
Glass,Clear Glass Bottles and Containers,Durable Wholesale & Trucking,45.22832202581035,66.97384040664481,0.0006387290676568525
Glass,Green Glass Bottles and Containers,Durable Wholesale & Trucking,5.40550583548444,16.304781664969333,0.00015549859359985496
Glass,Brown Glass Bottles and Containers,Durable Wholesale & Trucking,34.42742702360699,37.462808143627086,0.00035728255050179855
Glass,Other Glass Colored Bottles and Containers,Durable Wholesale & Trucking,0.0,0.0,0.0
Metal,Tin/Steel Cans,Durable Wholesale & Trucking,22.96470362083489,64.69378556747677,0.0006169841999176597
Metal,Aluminum Cans,Durable Wholesale & Trucking,18.94766452691229,31.58692429133729,0.000301244285533785
Plastic,PETE Plastic Containers,Durable Wholesale & Trucking,45.16035034774507,120.33414974337515,0.0011476259806245236
Plastic,HDPE Plastic Containers,Durable Wholesale & Trucking,33.036444809425646,67.33312964990466,0.0006421556067648553
Plastic,Miscellaneous Plastic Containers,Durable Wholesale & Trucking,59.47046447948698,72.50372820747508,0.0006914675705980828
Paper,Other Miscellaneous Paper - Compostable,Education,86.85703450863794,316.8565605036285,0.01126527904933197
Paper,Remainder / Composite Paper - Compostable,Education,3060.268701232428,3080.0524897581913,0.10950586198551628
Other Organic,Food,Education,8104.272071253267,8450.560295187475,0.30044484386619447
Other Organic,Leaves and Grass,Education,943.2437196793801,1022.1772496456549,0.03634171858974372
Other Organic,Prunings and Trimmings,Education,70.9481422357901,222.54142975683334,0.007912070061807441
Other Organic,Branches and Stumps,Education,276.39754799169583,276.39754799169583,0.009826829849217915
Other Organic,Manures,Education,0.0,0.0,0.0
Inerts and Other,Clean Dimensional Lumber,Education,23.92807675183736,23.92807675183736,0.0008507207844926221
Inerts and Other,Clean Engineered Wood,Education,29.391968293595394,29.391968293595394,0.0010449798612665242
Inerts and Other,Clean Pallets & Crates,Education,102.30665886809189,102.30665886809189,0.0036373337478700254
Paper,Uncoated Corrugated Cardboard,Education,295.9049897524667,1155.87299143088,0.04109503610516485
Paper,Paper Bags,Education,76.68488722052331,91.28922134719322,0.0032456280881095656
Paper,Newspaper,Education,295.6420139111345,358.63621509256006,0.012750681361283241
Paper,White Ledger Paper,Education,848.6878468722821,1538.217642178082,0.05468862929711418
Paper,Other Office Paper,Education,887.0234754075858,1182.133024239806,0.04202866549559617
Paper,Magazines and Catalogs,Education,254.87879209578696,447.6239998121377,0.015914485908219367
Paper,Phone Books and Directories,Education,0.0,13.31753020934169,0.0004734814195347063
Paper,Other Miscellaneous Paper - Other,Education,968.8592214270359,1175.754664055258,0.04180189409076278
Glass,Clear Glass Bottles and Containers,Education,85.13201002969754,91.44643512599421,0.003251217548166123
Glass,Green Glass Bottles and Containers,Education,5.704958302538933,10.03932555686502,0.00035693060508330365
Glass,Brown Glass Bottles and Containers,Education,0.0,0.06887319226408278,2.448665505426073e-06
Glass,Other Glass Colored Bottles and Containers,Education,0.0,0.0,0.0
Metal,Tin/Steel Cans,Education,101.65804109259773,140.12548060998188,0.004981915597657715
Metal,Aluminum Cans,Education,39.42441286737366,114.72740771030419,0.004078931679397109
Plastic,PETE Plastic Containers,Education,175.27737366944055,400.85767802331594,0.01425179139362718
Plastic,HDPE Plastic Containers,Education,64.52986125255225,74.56372676196794,0.002650982474835303
Plastic,Miscellaneous Plastic Containers,Education,85.57486507443006,104.8749457988916,0.0037286446833552315
Paper,Other Miscellaneous Paper - Compostable,Hotels & Lodging,54.803595456861736,65.70064320870087,0.007709483249504129
Paper,Remainder / Composite Paper - Compostable,Hotels & Lodging,609.6275033369782,623.6360080501912,0.07317906070687981
Other Organic,Food,Hotels & Lodging,2178.9186073373526,2363.476054015358,0.2773363875777467
Other Organic,Leaves and Grass,Hotels & Lodging,141.90886836968124,157.1266528939773,0.018437647477648193
Other Organic,Prunings and Trimmings,Hotels & Lodging,145.54198637130554,255.48859162027657,0.0299796915424273
Other Organic,Branches and Stumps,Hotels & Lodging,117.07064890616303,117.07064890616303,0.013737372461996166
Other Organic,Manures,Hotels & Lodging,0.0,0.0,0.0
Inerts and Other,Clean Dimensional Lumber,Hotels & Lodging,4.661052694615258,9.89971133152383,0.0011616577092384045
Inerts and Other,Clean Engineered Wood,Hotels & Lodging,6.626100317931503,6.626100317931503,0.0007775237336468232
Inerts and Other,Clean Pallets & Crates,Hotels & Lodging,149.56552998163576,281.8373095181977,0.0330715181876348
Paper,Uncoated Corrugated Cardboard,Hotels & Lodging,133.01326333267272,636.0669682412054,0.07463774169822791
Paper,Paper Bags,Hotels & Lodging,32.035064405235914,35.49938498904625,0.004165589567690962
Paper,Newspaper,Hotels & Lodging,176.46756589262608,216.5324805638378,0.025408480805548795
Paper,White Ledger Paper,Hotels & Lodging,63.4494904172576,77.69716017603484,0.009117185550351696
Paper,Other Office Paper,Hotels & Lodging,61.11260247532746,92.66790729275222,0.010873891702561938
Paper,Magazines and Catalogs,Hotels & Lodging,40.34820061676556,72.5827749096342,0.008517050367236705
Paper,Phone Books and Directories,Hotels & Lodging,5.1394447913701296,5.1394447913701296,0.000603075732530606
Paper,Other Miscellaneous Paper - Other,Hotels & Lodging,179.76615584386224,204.12266666033508,0.023952281174220873
Glass,Clear Glass Bottles and Containers,Hotels & Lodging,130.1868927405794,325.4570162234413,0.03818996728902539
Glass,Green Glass Bottles and Containers,Hotels & Lodging,164.42459553292335,195.58865419355493,0.0229508780988399
Glass,Brown Glass Bottles and Containers,Hotels & Lodging,74.72300823854657,112.11600087586581,0.01315598125893856
Glass,Other Glass Colored Bottles and Containers,Hotels & Lodging,5.795452180206609,5.795452180206609,0.0006800533347090273
Metal,Tin/Steel Cans,Hotels & Lodging,73.01191011099588,74.68296530191971,0.008763492134917152
Metal,Aluminum Cans,Hotels & Lodging,21.892765272226708,39.73230395293443,0.004662291217094031
Plastic,PETE Plastic Containers,Hotels & Lodging,68.34381989100812,106.56476985505094,0.012504585466158374
Plastic,HDPE Plastic Containers,Hotels & Lodging,46.32668539862609,59.354844391864304,0.0069648508183159106
Plastic,Miscellaneous Plastic Containers,Hotels & Lodging,25.847362612299154,29.325593171587666,0.0034411408822887573
Paper,Other Miscellaneous Paper - Compostable,Manufacturing - All Other,101.238399446951,324.99907967866716,0.005533720235885466
Paper,Remainder / Composite Paper - Compostable,Manufacturing - All Other,1352.275110749006,1354.6780815639147,0.023065940741963276
Other Organic,Food,Manufacturing - All Other,1221.9322846113944,1225.3275108476837,0.020863504133824394
Other Organic,Leaves and Grass,Manufacturing - All Other,144.62476299507486,163.77203756168305,0.0027885267835937428
Other Organic,Prunings and Trimmings,Manufacturing - All Other,115.38628951615453,115.38628951615453,0.0019646684718941233
Other Organic,Branches and Stumps,Manufacturing - All Other,265.199672150699,265.199672150699,0.004515522917115643
Other Organic,Manures,Manufacturing - All Other,0.0,0.0,0.0
Inerts and Other,Clean Dimensional Lumber,Manufacturing - All Other,853.9551682526778,1319.589774527362,0.022468496358788056
Inerts and Other,Clean Engineered Wood,Manufacturing - All Other,156.42584755194332,156.42584755194332,0.0026634440899635037
Inerts and Other,Clean Pallets & Crates,Manufacturing - All Other,982.400317007561,2234.4148661896597,0.038045113151157786
Paper,Uncoated Corrugated Cardboard,Manufacturing - All Other,771.8299858282701,3866.3985706610865,0.06583270337756067
Paper,Paper Bags,Manufacturing - All Other,44.9254913636837,73.44829029126333,0.0012505952037704577
Paper,Newspaper,Manufacturing - All Other,108.41601057595159,139.45281921517417,0.002374446378141361
Paper,White Ledger Paper,Manufacturing - All Other,475.5651286842292,1854.7469665294657,0.03158055349350268
Paper,Other Office Paper,Manufacturing - All Other,334.37670642502803,1629.9830398593394,0.027753525150710744
Paper,Magazines and Catalogs,Manufacturing - All Other,99.207122139548,563.65506301354,0.009597286956446916
Paper,Phone Books and Directories,Manufacturing - All Other,21.322586705583927,21.322586705583927,0.0003630571189640733
Paper,Other Miscellaneous Paper - Other,Manufacturing - All Other,495.5817054928656,8256.35988041008,0.14058004653475067
Glass,Clear Glass Bottles and Containers,Manufacturing - All Other,23.220366901454003,40.67227235574565,0.0006925218889757004
Glass,Green Glass Bottles and Containers,Manufacturing - All Other,5.130978370654234,8.404861116158306,0.00014310855921277564
Glass,Brown Glass Bottles and Containers,Manufacturing - All Other,13.095818304609079,19.94684486071405,0.00033963252805803776
Glass,Other Glass Colored Bottles and Containers,Manufacturing - All Other,0.0,0.0,0.0
Metal,Tin/Steel Cans,Manufacturing - All Other,49.53068239549505,49.81631586513001,0.0008482164178824504
Metal,Aluminum Cans,Manufacturing - All Other,24.464242195435503,34.954972328057195,0.000595174109132357
Plastic,PETE Plastic Containers,Manufacturing - All Other,53.73682549660189,90.01428633622406,0.0015326624257214713
Plastic,HDPE Plastic Containers,Manufacturing - All Other,52.93463788096369,61.26305972339956,0.001043118748640225
Plastic,Miscellaneous Plastic Containers,Manufacturing - All Other,32.69897937483486,51.46738740612028,0.0008763290144052036
Paper,Other Miscellaneous Paper - Compostable,Manufacturing -Electronic Equipment,45.8295308062689,79.51393032173348,0.006537103692948962
Paper,Remainder / Composite Paper - Compostable,Manufacturing -Electronic Equipment,668.4266766038224,690.37440742968,0.056757967692768724
Other Organic,Food,Manufacturing -Electronic Equipment,576.9075686461181,689.8855175123223,0.05671777443265351
Other Organic,Leaves and Grass,Manufacturing -Electronic Equipment,141.24204763995868,291.5378352099651,0.023968291486460385
Other Organic,Prunings and Trimmings,Manufacturing -Electronic Equipment,28.97817663893347,61.07556975465552,0.005021224972487517
Other Organic,Branches and Stumps,Manufacturing -Electronic Equipment,0.19905945968685346,9.17489423649529,0.0007542984575548766
Other Organic,Manures,Manufacturing -Electronic Equipment,0.0,0.0,0.0
Inerts and Other,Clean Dimensional Lumber,Manufacturing -Electronic Equipment,104.44912218160975,244.89412582696633,0.020133557577236214
Inerts and Other,Clean Engineered Wood,Manufacturing -Electronic Equipment,8.480805540381775,8.480805540381775,0.0006972351258815636
Inerts and Other,Clean Pallets & Crates,Manufacturing -Electronic Equipment,537.0931613437073,1222.8810202407203,0.10053710087159137
Paper,Uncoated Corrugated Cardboard,Manufacturing -Electronic Equipment,163.86737534581488,1433.1126238838042,0.11782093764068324
Paper,Paper Bags,Manufacturing -Electronic Equipment,14.058470580926402,41.39988035203854,0.0034036213483838286
Paper,Newspaper,Manufacturing -Electronic Equipment,79.1934441671986,93.51792397933451,0.007688418415849981
Paper,White Ledger Paper,Manufacturing -Electronic Equipment,123.88254666580228,161.95235714356076,0.013314639933923463
Paper,Other Office Paper,Manufacturing -Electronic Equipment,92.93424432949978,136.89014974357912,0.011254192816230274
Paper,Magazines and Catalogs,Manufacturing -Electronic Equipment,37.500021778859455,51.20571400376417,0.004209791425976106
Paper,Phone Books and Directories,Manufacturing -Electronic Equipment,0.791212178694513,0.791212178694513,6.504817500935898e-05
Paper,Other Miscellaneous Paper - Other,Manufacturing -Electronic Equipment,149.91787281049875,182.42046077991088,0.014997390557964422
Glass,Clear Glass Bottles and Containers,Manufacturing -Electronic Equipment,11.424691129124367,15.622376044654171,0.0012843673016906876
Glass,Green Glass Bottles and Containers,Manufacturing -Electronic Equipment,0.296704567010442,1.955951354383249,0.00016080524217870794
Glass,Brown Glass Bottles and Containers,Manufacturing -Electronic Equipment,0.22252842525783162,1.950194756384025,0.0001603319731818506
Glass,Other Glass Colored Bottles and Containers,Manufacturing -Electronic Equipment,0.42033146993145915,0.42033146993145915,3.4556842973721886e-05
Metal,Tin/Steel Cans,Manufacturing -Electronic Equipment,7.703979720557753,12.737491664869964,0.0010471913973364357
Metal,Aluminum Cans,Manufacturing -Electronic Equipment,6.521848733601545,9.015436527527132,0.0007411889109138398
Plastic,PETE Plastic Containers,Manufacturing -Electronic Equipment,12.134164179204314,19.64779470267554,0.0016153103083882776
Plastic,HDPE Plastic Containers,Manufacturing -Electronic Equipment,17.402084621958753,20.982794500904152,0.0017250650655204506
Plastic,Miscellaneous Plastic Containers,Manufacturing -Electronic Equipment,25.56050218297526,177.9147365523738,0.014626960038833216
Paper,Other Miscellaneous Paper - Compostable,Manufacturing - Food & Nondurable Wholesale,218.18667112773028,234.05087373269558,0.005314641421507119
Paper,Remainder / Composite Paper - Compostable,Manufacturing - Food & Nondurable Wholesale,2354.5892534267596,2357.3599855871157,0.053529058981908635
Other Organic,Food,Manufacturing - Food & Nondurable Wholesale,11485.490929882808,20108.486437677457,0.45660754536446624
Other Organic,Leaves and Grass,Manufacturing - Food & Nondurable Wholesale,1155.2986278750243,1539.5511800092295,0.03495890590501228
Other Organic,Prunings and Trimmings,Manufacturing - Food & Nondurable Wholesale,43.63991016591864,43.73658881884335,0.0009931357352569406
Other Organic,Branches and Stumps,Manufacturing - Food & Nondurable Wholesale,97.86812078549272,97.86812078549272,0.002222311586692367
Other Organic,Manures,Manufacturing - Food & Nondurable Wholesale,0.0,0.0,0.0
Inerts and Other,Clean Dimensional Lumber,Manufacturing - Food & Nondurable Wholesale,173.5358720605285,174.6918421874132,0.003966763659891073
Inerts and Other,Clean Engineered Wood,Manufacturing - Food & Nondurable Wholesale,329.95359882153224,329.95359882153224,0.007492324363099748
Inerts and Other,Clean Pallets & Crates,Manufacturing - Food & Nondurable Wholesale,1209.229931728598,3998.441320718768,0.09079343104194981
Paper,Uncoated Corrugated Cardboard,Manufacturing - Food & Nondurable Wholesale,1023.9903089315053,2030.3196407262565,0.04610288647683803
Paper,Paper Bags,Manufacturing - Food & Nondurable Wholesale,106.79302405885828,110.35398046037864,0.0025058305753335283
Paper,Newspaper,Manufacturing - Food & Nondurable Wholesale,235.67592881626035,252.56009910337505,0.0057349342162581005
Paper,White Ledger Paper,Manufacturing - Food & Nondurable Wholesale,373.9887533788406,453.52943091331537,0.01029838624809947
Paper,Other Office Paper,Manufacturing - Food & Nondurable Wholesale,446.51158325411967,477.5439735353762,0.010843689416176997
Paper,Magazines and Catalogs,Manufacturing - Food & Nondurable Wholesale,112.68952467009649,171.29157712127454,0.003889553140330088
Paper,Phone Books and Directories,Manufacturing - Food & Nondurable Wholesale,0.0,0.0,0.0
Paper,Other Miscellaneous Paper - Other,Manufacturing - Food & Nondurable Wholesale,998.9682796899547,1110.8322686090662,0.02522389723628601
Glass,Clear Glass Bottles and Containers,Manufacturing - Food & Nondurable Wholesale,243.86872942838173,285.3797823938149,0.006480177527997767
Glass,Green Glass Bottles and Containers,Manufacturing - Food & Nondurable Wholesale,65.24455801933705,126.17282851718201,0.002865032418003131
Glass,Brown Glass Bottles and Containers,Manufacturing - Food & Nondurable Wholesale,51.805899086931085,67.26755112469567,0.0015274581454412844
Glass,Other Glass Colored Bottles and Containers,Manufacturing - Food & Nondurable Wholesale,0.0,12.54405521698055,0.0002848404468080577
Metal,Tin/Steel Cans,Manufacturing - Food & Nondurable Wholesale,140.54220420871948,143.94414905619007,0.003268569455678793
Metal,Aluminum Cans,Manufacturing - Food & Nondurable Wholesale,33.47532018652142,35.491297523569536,0.0008059082066799654
Plastic,PETE Plastic Containers,Manufacturing - Food & Nondurable Wholesale,143.34166397800686,218.9286135084898,0.004971257142300532
Plastic,HDPE Plastic Containers,Manufacturing - Food & Nondurable Wholesale,97.30640828329028,99.45124311966926,0.002258259871773912
Plastic,Miscellaneous Plastic Containers,Manufacturing - Food & Nondurable Wholesale,177.8469552275762,187.96673017301654,0.004268199276981441
Paper,Other Miscellaneous Paper - Compostable,Medical & Health,47.328831132610695,88.90747396630162,0.0020319955035138304
Paper,Remainder / Composite Paper - Compostable,Medical & Health,4362.934444675066,4372.054178228825,0.09992404502063691
Other Organic,Food,Medical & Health,8618.70112997541,8878.887057187707,0.20292848026759738
Other Organic,Leaves and Grass,Medical & Health,1040.7198608686324,1040.7231603644,0.02378590559287187
Other Organic,Prunings and Trimmings,Medical & Health,597.6993966730582,617.7739317210006,0.014119328729561386
Other Organic,Branches and Stumps,Medical & Health,0.0,0.0,0.0
Other Organic,Manures,Medical & Health,427.52008419164923,427.52008419164923,0.009771044547599608
Inerts and Other,Clean Dimensional Lumber,Medical & Health,0.09452396090821837,0.09452396090821837,2.1603612719063133e-06
Inerts and Other,Clean Engineered Wood,Medical & Health,31.707781688276704,31.707781688276704,0.0007246867663948839
Inerts and Other,Clean Pallets & Crates,Medical & Health,620.0938180957743,620.0938180957743,0.014172350128909541
Paper,Uncoated Corrugated Cardboard,Medical & Health,741.8264800235428,2624.9436645189867,0.05999353581118931
Paper,Paper Bags,Medical & Health,71.5429627216944,91.34602950777766,0.0020877291069364874
Paper,Newspaper,Medical & Health,989.9467561133396,1184.643045789397,0.02707521915677612
Paper,White Ledger Paper,Medical & Health,567.2553884779353,726.8126195769815,0.01661142656507498
Paper,Other Office Paper,Medical & Health,764.579093709051,986.3088665392195,0.022542257613158083
Paper,Magazines and Catalogs,Medical & Health,223.70314115157865,393.3501380210773,0.008990084591407073
Paper,Phone Books and Directories,Medical & Health,76.10823526205726,76.69112886669653,0.001752788849625772
Paper,Other Miscellaneous Paper - Other,Medical & Health,1016.2563375547633,1109.318244812208,0.025353657964443332
Glass,Clear Glass Bottles and Containers,Medical & Health,99.77690080083221,107.29090354284118,0.002452151926503085
Glass,Green Glass Bottles and Containers,Medical & Health,17.391598180808426,17.391598180808426,0.0003974879470281288
Glass,Brown Glass Bottles and Containers,Medical & Health,17.00708630047524,17.00708630047524,0.00038869986232581427
Glass,Other Glass Colored Bottles and Containers,Medical & Health,0.7726724392087027,3.3520921736481863,7.66126391893525e-05
Metal,Tin/Steel Cans,Medical & Health,297.22845023016987,334.77444797051675,0.007651327190166849
Metal,Aluminum Cans,Medical & Health,69.61664326837486,107.88408831314301,0.0024657092657484115
Plastic,PETE Plastic Containers,Medical & Health,126.15431108247493,143.367365810654,0.00327668563374425
Plastic,HDPE Plastic Containers,Medical & Health,226.31988128302385,286.8474214737676,0.006555946813314673
Plastic,Miscellaneous Plastic Containers,Medical & Health,150.89904394567012,167.28751108143473,0.0038233846396348785
Paper,Other Miscellaneous Paper - Compostable,Multifamily,350.96247595316856,669.5462950610315,0.0047758955742515565
Paper,Remainder / Composite Paper - Compostable,Multifamily,8027.252549965927,8116.59075146736,0.057895906726525316
Other Organic,Food,Multifamily,29373.690163280815,31332.181061305448,0.22349347007990983
Other Organic,Leaves and Grass,Multifamily,3542.656586493914,3610.36828163565,0.025752874782333252
Other Organic,Prunings and Trimmings,Multifamily,921.3470995130435,930.3202288023775,0.006636004554351189
Other Organic,Branches and Stumps,Multifamily,0.0,0.0,0.0
Other Organic,Manures,Multifamily,0.0,0.0,0.0
Inerts and Other,Clean Dimensional Lumber,Multifamily,617.6043775951445,833.495157388361,0.005945348159933174
Inerts and Other,Clean Engineered Wood,Multifamily,156.3287298359596,156.3287298359596,0.0011150979319269783
Inerts and Other,Clean Pallets & Crates,Multifamily,2361.0354594268706,2361.0354594268706,0.01684134298779135
Paper,Uncoated Corrugated Cardboard,Multifamily,4230.807792938701,8277.573330199308,0.05904420071451225
Paper,Paper Bags,Multifamily,625.4665270679078,821.5655362218815,0.005860253782812778
Paper,Newspaper,Multifamily,5505.768713186806,9537.41030081575,0.06803065894246361
Paper,White Ledger Paper,Multifamily,626.9174159801302,1056.6617233720567,0.007537202558448361
Paper,Other Office Paper,Multifamily,698.189305607827,1280.5053765354955,0.009133886641914344
Paper,Magazines and Catalogs,Multifamily,886.7415350551618,1322.8675362597937,0.009436057309776185
Paper,Phone Books and Directories,Multifamily,36.32861459720516,113.17038434476072,0.0008072480450051968
Paper,Other Miscellaneous Paper - Other,Multifamily,5595.874495991543,6509.891272491127,0.04643526690609973
Glass,Clear Glass Bottles and Containers,Multifamily,1946.9992898134499,2892.8538070249924,0.02063482061784548
Glass,Green Glass Bottles and Containers,Multifamily,176.42836061888602,1053.1874075368655,0.007512420150206778
Glass,Brown Glass Bottles and Containers,Multifamily,808.8639403977112,1358.3651075024509,0.00968926264396302
Glass,Other Glass Colored Bottles and Containers,Multifamily,73.4309735105207,75.48620401386889,0.0005384455568289335
Metal,Tin/Steel Cans,Multifamily,1102.2350133365899,1420.220349498261,0.010130478103851601
Metal,Aluminum Cans,Multifamily,270.0520008391735,378.8068424575666,0.0027020415701417464
Plastic,PETE Plastic Containers,Multifamily,1097.5412153901818,2181.723064544881,0.015562301822986934
Plastic,HDPE Plastic Containers,Multifamily,552.9342696255554,979.4302473430779,0.006986307919376251
Plastic,Miscellaneous Plastic Containers,Multifamily,756.9647324790562,1104.6736079545753,0.007879672898110573
Paper,Other Miscellaneous Paper - Compostable,Not Elsewhere Classified,28.388395676166805,41.76760564340549,0.0013469843563394465
Paper,Remainder / Composite Paper - Compostable,Not Elsewhere Classified,1180.8033275236896,1183.1754638929788,0.038156815937093
Other Organic,Food,Not Elsewhere Classified,2102.996003264848,7268.477994146271,0.23440477378808836
Other Organic,Leaves and Grass,Not Elsewhere Classified,748.4780236158293,3453.739267273741,0.11138136103876706
Other Organic,Prunings and Trimmings,Not Elsewhere Classified,658.3835412042187,5472.0635048806125,0.17647130651679885
Other Organic,Branches and Stumps,Not Elsewhere Classified,0.0,0.0,0.0
Other Organic,Manures,Not Elsewhere Classified,51.64282240246433,51.64282240246433,0.00166545514931423
Inerts and Other,Clean Dimensional Lumber,Not Elsewhere Classified,87.06788989690365,87.06788989690365,0.0028078958279747898
Inerts and Other,Clean Engineered Wood,Not Elsewhere Classified,148.10029674785983,836.6376388007347,0.026981144694064825
Inerts and Other,Clean Pallets & Crates,Not Elsewhere Classified,552.6166225630774,677.2193851936984,0.02183998588412629
Paper,Uncoated Corrugated Cardboard,Not Elsewhere Classified,587.7801582701829,2699.328701435153,0.08705199825179083
Paper,Paper Bags,Not Elsewhere Classified,40.477664174276775,45.6186561808178,0.0014711788067863804
Paper,Newspaper,Not Elsewhere Classified,155.04492172958322,164.00533138219416,0.005289089770051527
Paper,White Ledger Paper,Not Elsewhere Classified,246.37221887456596,271.95603683326533,0.008770445937312653
Paper,Other Office Paper,Not Elsewhere Classified,242.55457325241335,298.669063736715,0.009631927671664894
Paper,Magazines and Catalogs,Not Elsewhere Classified,256.1444099764902,270.9764918608224,0.00873885610270551
Paper,Phone Books and Directories,Not Elsewhere Classified,7.917988424522272,9.80861348287883,0.0003163228706863629
Paper,Other Miscellaneous Paper - Other,Not Elsewhere Classified,435.24541225752057,469.4086860122714,0.015138194949133115
Glass,Clear Glass Bottles and Containers,Not Elsewhere Classified,65.75075113449645,108.60961979730536,0.0035026058248096713
Glass,Green Glass Bottles and Containers,Not Elsewhere Classified,11.010842038988923,60.841675206391656,0.0019621135435958204
Glass,Brown Glass Bottles and Containers,Not Elsewhere Classified,44.30495400707876,89.41917205245274,0.002883723499493824
Glass,Other Glass Colored Bottles and Containers,Not Elsewhere Classified,0.0,0.0,0.0
Metal,Tin/Steel Cans,Not Elsewhere Classified,22.37016498630731,28.03778112258185,0.0009042043942145384
Metal,Aluminum Cans,Not Elsewhere Classified,23.591255434025296,36.798206176570616,0.001186723713213857
Plastic,PETE Plastic Containers,Not Elsewhere Classified,56.75507343535138,77.92092020002276,0.0025129106379018985
Plastic,HDPE Plastic Containers,Not Elsewhere Classified,42.09045384385833,49.961543911857895,0.001611234760316317
Plastic,Miscellaneous Plastic Containers,Not Elsewhere Classified,24.91693068290176,31.88014269739609,0.0010281186299708734
Paper,Other Miscellaneous Paper - Compostable,Public Administration,11.14803189703643,24.622368530697763,0.00545685552327979
Paper,Remainder / Composite Paper - Compostable,Public Administration,537.8849017551913,547.9737398903071,0.1214429686325537
Other Organic,Food,Public Administration,643.4107234159283,657.8976292579285,0.14580450729152783
Other Organic,Leaves and Grass,Public Administration,89.49155038805793,115.9890890312398,0.025705719591159727
Other Organic,Prunings and Trimmings,Public Administration,3.8035846992512448,5.926865352639351,0.0013135230225704503
Other Organic,Branches and Stumps,Public Administration,1.809308205013808,1.809308205013808,0.0004009822799758595
Other Organic,Manures,Public Administration,0.0,0.0,0.0
Inerts and Other,Clean Dimensional Lumber,Public Administration,26.337145835492517,26.337145835492517,0.0058368876877402465
Inerts and Other,Clean Engineered Wood,Public Administration,22.569928655484468,22.569928655484468,0.005001989946262129
Inerts and Other,Clean Pallets & Crates,Public Administration,193.93833986041622,193.93833986041622,0.042980978849520735
Paper,Uncoated Corrugated Cardboard,Public Administration,103.6801669466794,211.9429385332346,0.04697119179713844
Paper,Paper Bags,Public Administration,12.59698202192942,14.395300590793934,0.003190313533006023
Paper,Newspaper,Public Administration,87.46960999487331,102.43139064416032,0.022701037030493025
Paper,White Ledger Paper,Public Administration,127.1357652219352,354.31330749298166,0.07852358015656007
Paper,Other Office Paper,Public Administration,129.20750889389515,230.41472361678882,0.051064943473885585
Paper,Magazines and Catalogs,Public Administration,43.90880929410552,77.64356420478474,0.017207512414972446
Paper,Phone Books and Directories,Public Administration,2.939305283966837,5.154069413146782,0.0011422545361317613
Paper,Other Miscellaneous Paper - Other,Public Administration,127.82826106067654,139.53952486029826,0.030925011377375314
Glass,Clear Glass Bottles and Containers,Public Administration,13.84489790182088,18.209650350569984,0.004035656885267392
Glass,Green Glass Bottles and Containers,Public Administration,1.8344374856389976,1.8344374856389976,0.00040655147830885704
Glass,Brown Glass Bottles and Containers,Public Administration,2.0103424500153415,2.0103424500153415,0.0004455358666398437
Glass,Other Glass Colored Bottles and Containers,Public Administration,0.9109364226632042,0.9109364226632042,0.00020188343957117973
Metal,Tin/Steel Cans,Public Administration,20.898734057877373,21.532073092556697,0.004771978448632718
Metal,Aluminum Cans,Public Administration,7.177456717205081,8.457298648413207,0.0018743223985167314
Plastic,PETE Plastic Containers,Public Administration,20.253321355873258,26.808256528679504,0.005941296123711322
Plastic,HDPE Plastic Containers,Public Administration,15.182869849469256,40.508330539279385,0.008977532237263039
Plastic,Miscellaneous Plastic Containers,Public Administration,20.00723856326371,20.521335008701023,0.004547976777607418
Paper,Other Miscellaneous Paper - Compostable,Restaurants,436.0672556565336,624.594277634208,0.006579957160260245
Paper,Remainder / Composite Paper - Compostable,Restaurants,9451.949893901525,9548.113843594228,0.10058718483638078
Other Organic,Food,Restaurants,39436.65342768798,44683.48103095564,0.4707302027624063
Other Organic,Leaves and Grass,Restaurants,1434.0812915311662,2305.8677869701105,0.02429178716295119
Other Organic,Prunings and Trimmings,Restaurants,281.7446672948086,379.7927303054671,0.004001029123503739
Other Organic,Branches and Stumps,Restaurants,0.0,0.0,0.0
Other Organic,Manures,Restaurants,0.0,0.0,0.0
Inerts and Other,Clean Dimensional Lumber,Restaurants,0.0,0.0,0.0
Inerts and Other,Clean Engineered Wood,Restaurants,0.0,0.0,0.0
Inerts and Other,Clean Pallets & Crates,Restaurants,583.262423943708,583.262423943708,0.006144535581202955
Paper,Uncoated Corrugated Cardboard,Restaurants,1528.4268317110925,7531.366320160415,0.07934121319937029
Paper,Paper Bags,Restaurants,242.43280230232168,270.5085445123499,0.0028497453436773686
Paper,Newspaper,Restaurants,2053.511161914597,2110.7078623437633,0.022235822211903337
Paper,White Ledger Paper,Restaurants,529.792878652784,564.5555327083116,0.0059474627815660625
Paper,Other Office Paper,Restaurants,245.2292063507092,297.5030965027043,0.003134126744560094
Paper,Magazines and Catalogs,Restaurants,174.55893682233167,207.59979816461328,0.0021870161596354264
Paper,Phone Books and Directories,Restaurants,0.0,0.0,0.0
Paper,Other Miscellaneous Paper - Other,Restaurants,1611.707208202988,1783.9893325707178,0.018793917592615627
Glass,Clear Glass Bottles and Containers,Restaurants,1233.8684760296694,1994.2005932612833,0.02100844490975233
Glass,Green Glass Bottles and Containers,Restaurants,386.24571147884933,1437.8119908052854,0.015147018861335028
Glass,Brown Glass Bottles and Containers,Restaurants,369.20240967510574,1497.4270084689106,0.01577504937070921
Glass,Other Glass Colored Bottles and Containers,Restaurants,0.0,0.0,0.0
Metal,Tin/Steel Cans,Restaurants,846.70358584291,1108.3992452643815,0.011676731298162282
Metal,Aluminum Cans,Restaurants,112.17977651446944,203.7832743507671,0.002146809958433359
Plastic,PETE Plastic Containers,Restaurants,463.4819809109023,710.0999363622495,0.007480739622631514
Plastic,HDPE Plastic Containers,Restaurants,476.0340774708318,699.1347117364107,0.00736522350140809
Plastic,Miscellaneous Plastic Containers,Restaurants,279.6675924602127,352.64511725198867,0.0037150352595000345
Paper,Other Miscellaneous Paper - Compostable,Retail Trade - All Other,311.74066916189355,349.08266326106974,0.003911417099757632
Paper,Remainder / Composite Paper - Compostable,Retail Trade - All Other,6823.934178304424,6830.819331465019,0.07653827116147972
Other Organic,Food,Retail Trade - All Other,14238.899891038336,14366.344338251107,0.16097266011637057
Other Organic,Leaves and Grass,Retail Trade - All Other,1909.1221785840876,1909.1221785840876,0.021391417909676285
Other Organic,Prunings and Trimmings,Retail Trade - All Other,320.7504298214038,320.7504298214038,0.0035939588183437664
Other Organic,Branches and Stumps,Retail Trade - All Other,0.0,0.0,0.0
Other Organic,Manures,Retail Trade - All Other,0.0,0.0,0.0
Inerts and Other,Clean Dimensional Lumber,Retail Trade - All Other,346.49466667687847,350.67975977449487,0.003929312318483812
Inerts and Other,Clean Engineered Wood,Retail Trade - All Other,10.815625033334767,10.815625033334767,0.00012118740101485346
Inerts and Other,Clean Pallets & Crates,Retail Trade - All Other,4422.876195730776,4921.1404550033885,0.05514061553842839
Paper,Uncoated Corrugated Cardboard,Retail Trade - All Other,2821.356750896833,11033.574545756652,0.12362949149796991
Paper,Paper Bags,Retail Trade - All Other,368.1390359125031,395.3647165823724,0.004430000328961001
Paper,Newspaper,Retail Trade - All Other,1471.3880380576868,1478.6664206124583,0.016568227904505007
Paper,White Ledger Paper,Retail Trade - All Other,1475.4636198691685,1510.2523365237853,0.016922143193373634
Paper,Other Office Paper,Retail Trade - All Other,1722.7491298217442,1759.7481398873313,0.01971770497371935
Paper,Magazines and Catalogs,Retail Trade - All Other,574.769384230084,630.5443485623634,0.007065151629365987
Paper,Phone Books and Directories,Retail Trade - All Other,31.004791762226304,37.82244342124659,0.0004237946123432647
Paper,Other Miscellaneous Paper - Other,Retail Trade - All Other,2721.351664186449,2859.152424165328,0.03203635946346045
Glass,Clear Glass Bottles and Containers,Retail Trade - All Other,1078.276252742328,1096.8433438160002,0.01228995954906161
Glass,Green Glass Bottles and Containers,Retail Trade - All Other,198.77932241543013,198.77932241543013,0.002227291477355524
Glass,Brown Glass Bottles and Containers,Retail Trade - All Other,131.54756522631996,133.70761327670263,0.001498173068959164
Glass,Other Glass Colored Bottles and Containers,Retail Trade - All Other,0.0,0.0,0.0
Metal,Tin/Steel Cans,Retail Trade - All Other,201.48860710855166,202.89821052993085,0.002273442979846491
Metal,Aluminum Cans,Retail Trade - All Other,182.5103468523197,196.03043668554903,0.0021964906390993556
Plastic,PETE Plastic Containers,Retail Trade - All Other,710.0222298286363,767.368667291104,0.008598246899519919
Plastic,HDPE Plastic Containers,Retail Trade - All Other,427.9405927849913,457.64948043451756,0.005127891447671323
Plastic,Miscellaneous Plastic Containers,Retail Trade - All Other,169.54673838369135,173.4280747242227,0.0019432346789076984
Paper,Other Miscellaneous Paper - Compostable,Retail Trade - Food & Beverage Stores,96.85630458679739,207.3801371817512,0.0028044642722968444
Paper,Remainder / Composite Paper - Compostable,Retail Trade - Food & Beverage Stores,1226.80752551073,1737.4795292522297,0.023496460798289993
Other Organic,Food,Retail Trade - Food & Beverage Stores,5675.927136795466,22528.226011786897,0.3046560091380072
Other Organic,Leaves and Grass,Retail Trade - Food & Beverage Stores,140.23098741882762,546.9522759882717,0.0073966009353933935
Other Organic,Prunings and Trimmings,Retail Trade - Food & Beverage Stores,11.631847422933962,11.631847422933962,0.00015730098823223736
Other Organic,Branches and Stumps,Retail Trade - Food & Beverage Stores,0.0,0.0,0.0
Other Organic,Manures,Retail Trade - Food & Beverage Stores,0.0,0.0,0.0
Inerts and Other,Clean Dimensional Lumber,Retail Trade - Food & Beverage Stores,0.2166903509165808,2.129765783662029,2.8801466378652017e-05
Inerts and Other,Clean Engineered Wood,Retail Trade - Food & Beverage Stores,0.0,0.0,0.0
Inerts and Other,Clean Pallets & Crates,Retail Trade - Food & Beverage Stores,326.2841302525472,2833.610601482314,0.038319772575394026
Paper,Uncoated Corrugated Cardboard,Retail Trade - Food & Beverage Stores,341.77178658644493,38375.903397750146,0.5189689401245893
Paper,Paper Bags,Retail Trade - Food & Beverage Stores,49.469127778903236,63.703883695686116,0.0008614868726532324
Paper,Newspaper,Retail Trade - Food & Beverage Stores,318.75868490387336,319.0319813942656,0.004314365906490592
Paper,White Ledger Paper,Retail Trade - Food & Beverage Stores,131.76916254359074,169.1431626211956,0.0022873741088265606
Paper,Other Office Paper,Retail Trade - Food & Beverage Stores,223.77405543566894,265.61832357771783,0.0035920368684501116
Paper,Magazines and Catalogs,Retail Trade - Food & Beverage Stores,29.812238939021217,70.3592168337572,0.0009514889541428189
Paper,Phone Books and Directories,Retail Trade - Food & Beverage Stores,2.3835938600823776,2.3835938600823776,3.223406017138745e-05
Paper,Other Miscellaneous Paper - Other,Retail Trade - Food & Beverage Stores,441.36099271345756,494.37590757626236,0.006685594815027245
Glass,Clear Glass Bottles and Containers,Retail Trade - Food & Beverage Stores,91.90135413506056,362.54671426665107,0.004902828790726185
Glass,Green Glass Bottles and Containers,Retail Trade - Food & Beverage Stores,44.032945237936865,134.40026185629577,0.0018175353613204654
Glass,Brown Glass Bottles and Containers,Retail Trade - Food & Beverage Stores,90.81380670389947,166.12884081633797,0.002246610524030975
Glass,Other Glass Colored Bottles and Containers,Retail Trade - Food & Beverage Stores,0.0,0.0,0.0
Metal,Tin/Steel Cans,Retail Trade - Food & Beverage Stores,59.584130742343206,125.17341601873314,0.001692757936398826
Metal,Aluminum Cans,Retail Trade - Food & Beverage Stores,35.13095469614903,62.33337748766624,0.000842953102989534
Plastic,PETE Plastic Containers,Retail Trade - Food & Beverage Stores,94.93376633876355,311.83745713889607,0.004217072180560256
Plastic,HDPE Plastic Containers,Retail Trade - Food & Beverage Stores,69.58309731653935,113.89884722399214,0.001540288535037149
Plastic,Miscellaneous Plastic Containers,Retail Trade - Food & Beverage Stores,64.66841888982721,162.0504350641596,0.002191457010414143
Paper,Other Miscellaneous Paper - Compostable,"Services - Management, Administrative, Support, & Social",179.50691108284718,453.7048989363286,0.003999452127174455
Paper,Remainder / Composite Paper - Compostable,"Services - Management, Administrative, Support, & Social",6268.11867817406,6464.551694191821,0.05698564217661899
Other Organic,Food,"Services - Management, Administrative, Support, & Social",14346.445298412902,14576.041840066579,0.1284892045021079
Other Organic,Leaves and Grass,"Services - Management, Administrative, Support, & Social",3287.796866812035,48520.24099345379,0.4277105702566348
Other Organic,Prunings and Trimmings,"Services - Management, Administrative, Support, & Social",1673.0518446840617,2198.31844789714,0.019378387611113077
Other Organic,Branches and Stumps,"Services - Management, Administrative, Support, & Social",138.37449687458664,827.0688825506695,0.007290691393000107
Other Organic,Manures,"Services - Management, Administrative, Support, & Social",0.0,0.0,0.0
Inerts and Other,Clean Dimensional Lumber,"Services - Management, Administrative, Support, & Social",338.3938871529191,338.3938871529191,0.0029829745170693095
Inerts and Other,Clean Engineered Wood,"Services - Management, Administrative, Support, & Social",0.0,0.0,0.0
Inerts and Other,Clean Pallets & Crates,"Services - Management, Administrative, Support, & Social",2317.291330307524,2317.291330307524,0.020427144961425628
Paper,Uncoated Corrugated Cardboard,"Services - Management, Administrative, Support, & Social",955.5817621976881,4086.0653964609187,0.03601905771782935
Paper,Paper Bags,"Services - Management, Administrative, Support, & Social",223.73150506221617,336.5132517295078,0.0029663965357377533
Paper,Newspaper,"Services - Management, Administrative, Support, & Social",795.3151510408323,923.2698992319337,0.008138712566463834
Paper,White Ledger Paper,"Services - Management, Administrative, Support, & Social",920.7480479617897,1745.042379446481,0.015382715665731083
Paper,Other Office Paper,"Services - Management, Administrative, Support, & Social",1185.7133844990774,1657.6483562534468,0.014612328983151388
Paper,Magazines and Catalogs,"Services - Management, Administrative, Support, & Social",473.20790836124473,833.2495691386581,0.007345174737084956
Paper,Phone Books and Directories,"Services - Management, Administrative, Support, & Social",0.0,0.0,0.0
Paper,Other Miscellaneous Paper - Other,"Services - Management, Administrative, Support, & Social",1839.0763973966268,2232.7833040625537,0.019682198618282454
Glass,Clear Glass Bottles and Containers,"Services - Management, Administrative, Support, & Social",288.78860920088084,484.5980735362324,0.0042717784193489995
Glass,Green Glass Bottles and Containers,"Services - Management, Administrative, Support, & Social",26.79837475011162,182.23361887336029,0.0016064067995616724
Glass,Brown Glass Bottles and Containers,"Services - Management, Administrative, Support, & Social",13.671759050291453,60.08364180096686,0.0005296430555910484
Glass,Other Glass Colored Bottles and Containers,"Services - Management, Administrative, Support, & Social",15.488903551862304,15.488903551862304,0.00013653616789971912
Metal,Tin/Steel Cans,"Services - Management, Administrative, Support, & Social",203.35040634268316,352.8532423533066,0.003110435117669693
Metal,Aluminum Cans,"Services - Management, Administrative, Support, & Social",112.45243833391427,132.77784852021884,0.0011704494484207914
Plastic,PETE Plastic Containers,"Services - Management, Administrative, Support, & Social",226.05680163958058,343.8916405782062,0.0030314377399328803
Plastic,HDPE Plastic Containers,"Services - Management, Administrative, Support, & Social",161.74192182396752,205.1221667271245,0.0018081715405117546
Plastic,Miscellaneous Plastic Containers,"Services - Management, Administrative, Support, & Social",189.89857408620117,234.56466575721836,0.0020677099886336602
Paper,Other Miscellaneous Paper - Compostable,"Services - Professional, Technical, & Financial",922.664588235499,2122.077690513932,0.01064569919976604
Paper,Remainder / Composite Paper - Compostable,"Services - Professional, Technical, & Financial",15700.889727051837,15755.428985776427,0.07903931062261438
Other Organic,Food,"Services - Professional, Technical, & Financial",13117.847688924496,13345.85149301733,0.06695132849966609
Other Organic,Leaves and Grass,"Services - Professional, Technical, & Financial",5414.129297708098,13073.78185055482,0.06558645312870721
Other Organic,Prunings and Trimmings,"Services - Professional, Technical, & Financial",5072.453901423047,5072.453901423047,0.02544667364471072
Other Organic,Branches and Stumps,"Services - Professional, Technical, & Financial",384.5174530857085,384.5174530857085,0.001928985522494813
Other Organic,Manures,"Services - Professional, Technical, & Financial",58.67463125858452,58.67463125858452,0.0002943494848601915
Inerts and Other,Clean Dimensional Lumber,"Services - Professional, Technical, & Financial",1588.649287308722,1602.6330513820694,0.008039832598440247
Inerts and Other,Clean Engineered Wood,"Services - Professional, Technical, & Financial",2958.6503269022746,2958.6503269022746,0.01484248270376145
Inerts and Other,Clean Pallets & Crates,"Services - Professional, Technical, & Financial",13206.585111527287,14230.07839644565,0.07138717629181679
Paper,Uncoated Corrugated Cardboard,"Services - Professional, Technical, & Financial",6423.965270841251,22029.17352812407,0.11051242659408092
Paper,Paper Bags,"Services - Professional, Technical, & Financial",719.5689513555909,858.352792114184,0.004306046697995256
Paper,Newspaper,"Services - Professional, Technical, & Financial",3894.6411628381306,4862.675937362776,0.02439429318092849
Paper,White Ledger Paper,"Services - Professional, Technical, & Financial",3269.0846621560972,5765.482613800533,0.028923349000072058
Paper,Other Office Paper,"Services - Professional, Technical, & Financial",3797.73281703728,5220.7720595757,0.026190732405902483
Paper,Magazines and Catalogs,"Services - Professional, Technical, & Financial",1507.8991903230137,2971.257316757528,0.014905727429632457
Paper,Phone Books and Directories,"Services - Professional, Technical, & Financial",43.6697131242535,43.6697131242535,0.00021907521677412683
Paper,Other Miscellaneous Paper - Other,"Services - Professional, Technical, & Financial",4814.3946481342455,8171.727458623522,0.040994612429060585
Glass,Clear Glass Bottles and Containers,"Services - Professional, Technical, & Financial",807.4153393869558,1548.617994647728,0.007768858520147745
Glass,Green Glass Bottles and Containers,"Services - Professional, Technical, & Financial",697.9220359330515,846.35655359944,0.004245865891549058
Glass,Brown Glass Bottles and Containers,"Services - Professional, Technical, & Financial",128.15923854854378,301.96840770954446,0.001514866703833819
Glass,Other Glass Colored Bottles and Containers,"Services - Professional, Technical, & Financial",8.053380760982176,8.053380760982176,4.040090968669288e-05
Metal,Tin/Steel Cans,"Services - Professional, Technical, & Financial",351.02561800693536,397.1905631867047,0.00199256194981593
Metal,Aluminum Cans,"Services - Professional, Technical, & Financial",153.2327740835101,255.5082798702462,0.001281792981806205
Plastic,PETE Plastic Containers,"Services - Professional, Technical, & Financial",584.9660413434401,933.5996038776937,0.004683532841578311
Plastic,HDPE Plastic Containers,"Services - Professional, Technical, & Financial",605.0203480143236,710.0261122329423,0.003561945186361499
Plastic,Miscellaneous Plastic Containers,"Services - Professional, Technical, & Financial",338.27188182125695,1138.9331370558707,0.0057136171969303816
Paper,Other Miscellaneous Paper - Compostable,Services - Repair & Personal,18.38352673333155,198.28145934961765,0.011043027142877583
Paper,Remainder / Composite Paper - Compostable,Services - Repair & Personal,978.9025384694222,989.915539768965,0.055132054256015216
Other Organic,Food,Services - Repair & Personal,835.9438472130292,3499.2507922724853,0.19488620673638118
Other Organic,Leaves and Grass,Services - Repair & Personal,381.65831476642103,381.65831476642103,0.021255961818593662
Other Organic,Prunings and Trimmings,Services - Repair & Personal,68.11483342496695,68.11483342496695,0.0037935667652021737
Other Organic,Branches and Stumps,Services - Repair & Personal,0.0,0.0,0.0
Other Organic,Manures,Services - Repair & Personal,0.0,0.0,0.0
Inerts and Other,Clean Dimensional Lumber,Services - Repair & Personal,59.161683799021105,66.00743438234808,0.003676197925448578
Inerts and Other,Clean Engineered Wood,Services - Repair & Personal,81.00661806484526,81.00661806484526,0.0045115578883524535
Inerts and Other,Clean Pallets & Crates,Services - Repair & Personal,157.64581875987236,413.1246533939542,0.023008438488326708
Paper,Uncoated Corrugated Cardboard,Services - Repair & Personal,599.8620680987646,1856.274781310117,0.10338280170967636
Paper,Paper Bags,Services - Repair & Personal,35.51181960328013,48.57324045426149,0.0027052232443384194
Paper,Newspaper,Services - Repair & Personal,288.3442495289284,312.9075423161205,0.01742697725920635
Paper,White Ledger Paper,Services - Repair & Personal,150.8174727307876,188.8186271342174,0.01051600705060105
Paper,Other Office Paper,Services - Repair & Personal,171.5083003554985,174.4569252348138,0.009716150803762627
Paper,Magazines and Catalogs,Services - Repair & Personal,63.961685300848295,74.96778896252556,0.00417523318150969
Paper,Phone Books and Directories,Services - Repair & Personal,1.2563803392627448,1.2563803392627448,6.997246355642678e-05
Paper,Other Miscellaneous Paper - Other,Services - Repair & Personal,441.3293045527945,479.0939508617987,0.02668251242808651
Glass,Clear Glass Bottles and Containers,Services - Repair & Personal,70.1183805215993,93.96389241900395,0.005233196375682671
Glass,Green Glass Bottles and Containers,Services - Repair & Personal,62.432967289168474,120.54689377390761,0.006713701948237197
Glass,Brown Glass Bottles and Containers,Services - Repair & Personal,10.445905106441637,28.936377942903157,0.0016115738107243256
Glass,Other Glass Colored Bottles and Containers,Services - Repair & Personal,0.0,0.0,0.0
Metal,Tin/Steel Cans,Services - Repair & Personal,71.41260779259208,71.41260779259208,0.0039772320053725
Metal,Aluminum Cans,Services - Repair & Personal,16.510128277074315,20.48552219412113,0.0011409144272375815
Plastic,PETE Plastic Containers,Services - Repair & Personal,75.48165788609268,93.92707783811892,0.005231146035639277
Plastic,HDPE Plastic Containers,Services - Repair & Personal,216.7728086242611,267.852103463221,0.014917673384709776
Plastic,Miscellaneous Plastic Containers,Services - Repair & Personal,27.20093745152378,31.751295572541338,0.0017683469749476552
